fips,has_data_center,num_disasters
01001,0,1
01003,0,1
01005,0,1
01007,0,1
01009,0,1
01011,0,1
01013,0,1
01015,0,1
01017,0,1
01019,0,1
01021,0,1
01023,0,1
01025,0,1
01027,0,1
01029,0,1
01031,0,1
01033,0,1
01035,0,1
01037,0,1
01039,0,1
01041,0,1
01043,0,1
01045,0,1
01047,0,1
01049,0,1
01051,0,1
01053,0,1
01055,0,1
01057,0,1
01059,0,1
01061,0,1
01063,0,1
01065,0,1
01067,0,1
01069,0,1
01071,1,1
01073,1,1
01075,0,1
01077,0,1
01079,0,1
01081,0,1
01083,0,1
01085,0,1
01087,0,1
01089,1,1
01091,0,1
01093,0,1
01095,0,1
01097,0,1
01099,0,1
01101,1,1
01103,0,1
01105,0,1
01107,0,1
01109,0,1
01111,0,1
01113,0,1
01115,0,1
01117,1,1
01119,0,1
01121,0,1
01123,0,1
01125,0,1
01127,0,1
01129,0,1
01131,0,1
01133,0,1
02013,0,0
02016,0,0
02020,0,0
02050,0,0
02060,0,0
02068,0,0
02070,0,0
02090,0,0
02100,0,0
02105,0,0
02110,0,1
02122,0,0
02130,0,0
02150,0,0
02164,0,0
02170,0,0
02180,0,0
02185,0,0
02188,0,0
02195,0,0
02198,0,0
02220,0,0
02230,0,0
02240,0,0
02261,0,0
02270,0,0
02275,0,0
02282,0,0
02290,0,0
04001,0,0
04003,0,0
04005,1,0
04007,0,0
04009,0,0
04011,0,0
04012,0,0
04013,1,2
04015,0,0
04017,0,0
04019,1,0
04021,1,2
04023,0,0
04025,1,0
04027,0,0
05001,0,0
05003,0,0
05005,0,1
05007,0,1
05009,1,1
05011,0,0
05013,0,0
05015,1,1
05017,0,0
05019,0,0
05021,0,0
05023,0,0
05025,0,0
05027,0,0
05029,0,0
05031,0,0
05033,0,0
05035,1,0
05037,0,0
05039,0,0
05041,0,0
05043,0,0
05045,0,0
05047,0,0
05049,0,1
05051,0,0
05053,0,0
05055,0,1
05057,0,0
05059,0,0
05061,0,0
05063,0,0
05065,0,0
05067,0,0
05069,0,0
05071,1,0
05073,0,0
05075,0,0
05077,0,0
05079,0,0
05081,0,0
05083,0,0
05085,0,0
05087,0,1
05089,1,1
05091,0,0
05093,0,0
05095,0,0
05097,0,0
05099,0,1
05101,1,0
05103,0,0
05105,0,0
05107,0,0
05109,0,0
05111,0,0
05113,0,0
05115,1,0
05117,0,0
05119,1,0
05121,0,1
05123,1,0
05125,1,0
05127,0,0
05129,0,0
05131,0,0
05133,0,0
05135,0,1
05137,0,0
05139,0,0
05141,0,0
05143,0,0
05145,0,0
05147,0,0
05149,0,0
06001,0,0
06003,0,0
06005,0,0
06007,0,3
06009,0,0
06011,0,0
06013,0,0
06015,0,0
06017,0,0
06019,0,0
06021,0,1
06023,0,0
06025,0,0
06027,0,0
06029,1,1
06031,0,0
06033,0,1
06035,0,0
06037,1,3
06039,0,0
06041,0,0
06043,0,1
06045,0,0
06047,0,0
06049,0,0
06051,0,0
06053,0,1
06055,0,0
06057,0,0
06059,0,0
06061,0,0
06063,0,0
06065,0,2
06067,1,0
06069,0,0
06071,0,2
06073,0,1
06075,0,0
06077,1,0
06079,0,1
06081,1,0
06083,0,1
06085,1,0
06087,0,1
06089,0,0
06091,0,0
06093,0,0
06095,0,0
06097,0,0
06099,0,0
06101,0,1
06103,0,1
06105,0,0
06107,0,0
06109,0,0
06111,0,2
06113,0,0
06115,0,0
08001,1,0
08003,0,0
08005,1,0
08007,0,0
08009,0,0
08011,0,0
08013,0,1
08014,0,0
08015,0,0
08017,0,0
08019,0,0
08021,0,0
08023,0,0
08025,0,0
08027,0,0
08029,0,0
08031,1,0
08033,0,0
08035,1,0
08037,0,0
08039,0,0
08041,1,0
08043,0,0
08045,0,0
08047,0,0
08049,0,0
08051,0,0
08053,0,0
08055,0,0
08057,0,0
08059,0,1
08061,0,0
08063,0,0
08065,0,0
08067,0,0
08069,0,2
08071,0,0
08073,0,0
08075,0,0
08077,0,0
08079,0,0
08081,0,0
08083,0,0
08085,0,0
08087,0,0
08089,0,0
08091,0,0
08093,0,0
08095,0,0
08097,0,0
08099,0,0
08101,0,0
08103,0,0
08105,0,0
08107,0,0
08109,0,0
08111,0,0
08113,0,0
08115,0,0
08117,0,0
08119,0,0
08121,0,0
08123,1,0
08125,0,0
09001,0,2
09003,0,1
09005,0,2
09007,0,0
09009,0,3
09011,0,1
09013,0,0
09015,0,0
10001,0,0
10003,1,0
10005,0,0
11001,0,0
12001,0,6
12003,0,6
12005,0,4
12007,0,6
12009,0,4
12011,0,2
12013,0,4
12015,0,6
12017,0,6
12019,0,5
12021,0,6
12023,0,7
12027,0,5
12029,0,6
12031,0,5
12033,0,4
12035,0,4
12037,0,4
12039,0,5
12041,0,6
12043,0,4
12045,0,4
12047,0,7
12049,1,4
12051,0,4
12053,0,6
12055,0,4
12057,0,6
12059,0,4
12061,0,2
12063,0,4
12065,0,5
12067,0,7
12069,0,4
12071,0,6
12073,0,5
12075,0,6
12077,0,5
12079,0,7
12081,0,6
12083,0,6
12085,0,2
12086,1,2
12087,0,6
12089,0,5
12091,0,4
12093,0,4
12095,1,4
12097,0,4
12099,1,2
12101,0,6
12103,0,6
12105,1,4
12107,0,5
12109,0,4
12111,1,2
12113,0,5
12115,0,6
12117,1,4
12119,0,6
12121,0,7
12123,0,7
12125,0,6
12127,0,4
12129,0,5
12131,0,4
12133,0,4
13001,0,4
13003,0,4
13005,0,4
13007,0,1
13009,1,2
13011,1,2
13013,0,1
13015,1,1
13017,0,3
13019,0,4
13021,1,1
13023,0,2
13025,0,4
13027,1,4
13029,0,4
13031,1,4
13033,0,4
13035,1,2
13037,0,1
13039,0,4
13043,0,4
13045,1,1
13047,0,1
13049,0,4
13051,0,4
13053,0,1
13055,1,1
13057,1,1
13059,0,1
13061,0,1
13063,1,1
13065,0,4
13067,1,1
13069,0,4
13071,0,4
13073,1,2
13075,0,4
13077,1,1
13079,0,1
13081,0,3
13083,0,1
13085,0,2
13087,0,3
13089,1,1
13091,0,3
13093,0,2
13095,0,1
13097,1,1
13099,0,1
13101,0,4
13103,0,4
13105,0,2
13107,0,3
13109,0,4
13111,0,1
13113,1,1
13115,1,1
13117,1,1
13119,0,2
13121,1,2
13123,0,2
13125,0,2
13127,0,3
13129,1,1
13131,0,3
13133,0,2
13135,1,1
13137,0,2
13139,1,1
13141,0,2
13143,0,1
13145,0,1
13147,0,2
13149,1,1
13151,1,1
13153,1,1
13155,0,3
13157,1,2
13159,1,2
13161,0,4
13163,0,3
13165,0,4
13167,0,3
13169,1,1
13171,1,2
13173,0,4
13175,0,3
13177,0,1
13179,0,4
13181,0,2
13183,0,4
13185,1,4
13187,0,2
13189,1,2
13191,0,4
13193,0,1
13195,0,2
13197,0,1
13199,1,1
13201,0,1
13205,0,3
13207,1,2
13209,0,3
13211,1,1
13213,1,1
13215,1,1
13217,1,2
13219,0,1
13221,0,2
13223,1,2
13225,0,1
13227,1,1
13229,0,4
13231,1,2
13233,0,1
13235,0,2
13237,0,2
13239,0,1
13241,0,2
13243,0,1
13245,1,3
13247,1,1
13249,0,1
13251,0,4
13253,0,1
13255,1,1
13257,0,2
13259,0,1
13261,0,1
13263,0,1
13265,0,2
13267,0,4
13269,0,1
13271,0,3
13273,0,1
13275,0,4
13277,0,4
13279,0,4
13281,0,1
13283,0,3
13285,1,1
13287,0,3
13289,1,2
13291,0,1
13293,1,1
13295,0,1
13297,1,1
13299,0,4
13301,0,2
13303,0,2
13305,0,4
13307,0,1
13309,0,3
13311,0,2
13313,1,1
13315,0,3
13317,0,2
13319,1,2
13321,0,3
15001,0,0
15003,0,0
15005,0,0
15007,0,1
15009,0,0
16001,0,0
16003,0,0
16005,0,0
16007,0,0
16009,0,0
16011,0,0
16013,0,0
16015,0,0
16017,0,0
16019,0,0
16021,0,0
16023,0,0
16025,0,0
16027,0,0
16029,0,0
16031,0,0
16033,0,0
16035,0,0
16037,0,0
16039,0,0
16041,0,0
16043,0,0
16045,0,0
16047,0,0
16049,0,1
16051,0,0
16053,0,0
16055,0,0
16057,0,2
16059,0,0
16061,0,1
16063,0,0
16065,0,0
16067,0,0
16069,0,2
16071,0,0
16073,0,0
16075,0,0
16077,0,0
16079,0,1
16081,0,0
16083,0,0
16085,0,0
16087,0,0
17001,0,0
17003,0,0
17005,0,0
17007,0,0
17009,0,0
17011,0,0
17013,0,0
17015,0,0
17017,0,0
17019,0,0
17021,0,0
17023,0,0
17025,0,0
17027,0,0
17029,0,0
17031,1,1
17033,0,0
17035,0,0
17037,1,0
17039,0,0
17041,0,0
17043,1,0
17045,0,0
17047,0,0
17049,0,0
17051,0,0
17053,0,0
17055,0,0
17057,0,1
17059,0,0
17061,0,0
17063,1,0
17065,0,0
17067,0,0
17069,0,0
17071,0,0
17073,0,1
17075,0,0
17077,0,0
17079,0,0
17081,0,0
17083,0,0
17085,0,0
17087,0,0
17089,1,0
17091,0,0
17093,1,0
17095,0,0
17097,0,0
17099,1,0
17101,0,0
17103,0,0
17105,0,0
17107,0,0
17109,0,0
17111,0,0
17113,0,0
17115,0,0
17117,0,0
17119,0,0
17121,0,0
17123,0,0
17125,0,0
17127,0,0
17129,0,0
17131,0,0
17133,0,0
17135,0,0
17137,0,0
17139,0,0
17141,0,0
17143,0,0
17145,0,0
17147,0,0
17149,0,0
17151,0,0
17153,0,0
17155,0,0
17157,0,0
17159,0,0
17161,0,0
17163,0,1
17165,0,0
17167,0,0
17169,0,0
17171,0,0
17173,0,0
17175,0,0
17177,0,0
17179,0,0
17181,0,0
17183,0,0
17185,0,0
17187,0,0
17189,0,1
17191,0,0
17193,0,0
17195,0,0
17197,1,1
17199,0,0
17201,0,1
17203,0,0
18001,0,0
18003,1,0
18005,1,0
18007,0,0
18009,0,0
18011,1,0
18013,1,0
18015,1,0
18017,0,0
18019,1,0
18021,0,0
18023,1,0
18025,0,0
18027,0,0
18029,0,0
18031,1,0
18033,0,0
18035,0,0
18037,0,0
18039,1,0
18041,0,0
18043,0,0
18045,0,0
18047,1,0
18049,0,0
18051,0,0
18053,0,0
18055,0,0
18057,1,0
18059,1,0
18061,0,0
18063,1,0
18065,0,0
18067,1,0
18069,0,0
18071,1,0
18073,0,0
18075,0,0
18077,0,0
18079,0,0
18081,0,0
18083,0,0
18085,1,0
18087,0,0
18089,1,0
18091,1,0
18093,0,0
18095,0,0
18097,1,0
18099,0,0
18101,0,0
18103,0,0
18105,0,0
18107,0,0
18109,1,0
18111,0,0
18113,0,0
18115,0,0
18117,0,0
18119,0,0
18121,0,0
18123,0,0
18125,0,0
18127,1,0
18129,0,0
18131,0,0
18133,0,0
18135,0,0
18137,1,0
18139,1,0
18141,1,0
18143,0,0
18145,1,0
18147,0,0
18149,0,0
18151,0,0
18153,0,0
18155,0,0
18157,1,0
18159,0,0
18161,0,0
18163,0,0
18165,0,0
18167,0,0
18169,0,0
18171,0,0
18173,0,0
18175,0,0
18177,0,0
18179,0,0
18181,0,0
18183,0,0
19001,1,1
19003,0,1
19005,0,0
19007,0,0
19009,0,0
19011,1,0
19013,0,0
19015,0,0
19017,0,0
19019,0,0
19021,0,2
19023,0,1
19025,0,1
19027,0,0
19029,0,0
19031,0,1
19033,0,0
19035,0,2
19037,0,0
19039,0,1
19041,0,2
19043,0,0
19045,0,0
19047,0,1
19049,1,1
19051,0,0
19053,0,0
19055,0,0
19057,0,1
19059,0,1
19061,1,1
19063,0,1
19065,0,0
19067,0,1
19069,0,1
19071,0,0
19073,0,0
19075,0,0
19077,1,0
19079,0,1
19081,0,1
19083,0,0
19085,0,3
19087,0,0
19089,0,1
19091,0,2
19093,0,0
19095,0,1
19097,0,2
19099,0,1
19101,0,0
19103,1,0
19105,0,0
19107,0,0
19109,0,2
19111,0,0
19113,1,0
19115,0,0
19117,0,0
19119,0,1
19121,1,0
19123,0,0
19125,1,0
19127,0,1
19129,1,1
19131,0,2
19133,0,1
19135,0,0
19137,0,1
19139,0,1
19141,0,1
19143,0,1
19145,0,0
19147,0,1
19149,0,1
19151,0,1
19153,1,2
19155,1,3
19157,0,1
19159,0,1
19161,0,0
19163,0,1
19165,0,2
19167,0,1
19169,0,1
19171,0,1
19173,0,0
19175,0,1
19177,0,0
19179,0,0
19181,1,0
19183,0,0
19185,0,0
19187,0,0
19189,0,1
19191,0,1
19193,0,1
19195,0,1
19197,0,2
20001,0,1
20003,0,1
20005,0,0
20007,0,0
20009,0,1
20011,0,1
20013,0,0
20015,0,1
20017,0,2
20019,0,1
20021,0,1
20023,0,0
20025,0,1
20027,0,0
20029,0,1
20031,0,0
20033,0,1
20035,0,0
20037,0,0
20039,0,0
20041,0,0
20043,0,1
20045,0,0
20047,0,1
20049,0,1
20051,0,0
20053,0,1
20055,0,1
20057,0,1
20059,0,0
20061,0,2
20063,0,0
20065,0,0
20067,0,0
20069,0,2
20071,0,1
20073,0,1
20075,0,1
20077,0,0
20079,0,1
20081,0,0
20083,0,2
20085,0,0
20087,0,0
20089,0,0
20091,1,0
20093,0,1
20095,0,0
20097,0,0
20099,0,0
20101,0,0
20103,1,0
20105,0,1
20107,0,1
20109,0,1
20111,0,0
20113,0,0
20115,0,1
20117,0,0
20119,0,1
20121,0,0
20123,0,0
20125,0,0
20127,0,3
20129,0,0
20131,0,0
20133,0,1
20135,0,0
20137,0,0
20139,0,1
20141,0,0
20143,0,2
20145,0,3
20147,0,0
20149,0,1
20151,0,0
20153,0,0
20155,0,1
20157,0,0
20159,0,0
20161,0,0
20163,0,0
20165,0,1
20167,0,1
20169,0,0
20171,0,1
20173,0,0
20175,0,0
20177,0,1
20179,0,0
20181,0,0
20183,0,0
20185,0,2
20187,0,0
20189,0,0
20191,0,0
20193,0,1
20195,0,1
20197,0,3
20199,0,1
20201,0,0
20203,0,0
20205,0,1
20207,0,1
20209,1,1
21001,0,1
21003,0,1
21005,0,1
21007,0,1
21009,0,1
21011,0,1
21013,0,1
21015,0,0
21017,0,1
21019,0,1
21021,0,0
21023,0,1
21025,0,1
21027,0,1
21029,0,0
21031,0,1
21033,0,1
21035,0,1
21037,0,0
21039,0,1
21041,0,0
21043,0,2
21045,0,0
21047,0,1
21049,0,1
21051,0,2
21053,0,1
21055,0,1
21057,0,1
21059,0,0
21061,0,1
21063,0,1
21065,0,2
21067,1,1
21069,0,1
21071,0,0
21073,0,1
21075,0,1
21077,0,0
21079,0,1
21081,0,0
21083,0,1
21085,0,1
21087,0,1
21089,0,3
21091,0,0
21093,0,0
21095,0,2
21097,0,1
21099,0,1
21101,0,0
21103,1,1
21105,0,1
21107,0,1
21109,0,2
21111,1,1
21113,0,1
21115,0,1
21117,0,0
21119,0,0
21121,0,1
21123,0,1
21125,0,1
21127,0,1
21129,0,2
21131,0,1
21133,0,1
21135,0,1
21137,0,0
21139,0,1
21141,0,1
21143,0,1
21145,0,1
21147,0,1
21149,0,1
21151,0,0
21153,0,1
21155,0,0
21157,0,1
21159,0,0
21161,0,1
21163,1,1
21165,0,2
21167,0,0
21169,0,1
21171,0,1
21173,0,1
21175,0,1
21177,0,1
21179,0,0
21181,0,1
21183,0,1
21185,1,1
21187,0,0
21189,0,2
21191,0,0
21193,0,1
21195,0,0
21197,0,1
21199,0,1
21201,0,1
21203,0,2
21205,0,1
21207,0,1
21209,0,0
21211,0,0
21213,0,1
21215,0,0
21217,0,0
21219,0,1
21221,0,1
21223,0,0
21225,0,1
21227,0,1
21229,0,2
21231,0,1
21233,0,0
21235,0,2
21237,0,1
21239,0,1
22001,0,1
22003,0,1
22005,0,2
22007,0,2
22009,0,1
22011,0,1
22013,0,1
22015,1,1
22017,1,1
22019,0,1
22021,0,1
22023,0,1
22025,0,1
22027,0,1
22029,0,1
22031,0,1
22033,1,2
22035,0,1
22037,1,2
22039,0,1
22041,0,1
22043,0,1
22045,0,1
22047,0,2
22049,0,1
22051,0,2
22053,0,1
22055,0,1
22057,0,2
22059,0,1
22061,0,1
22063,0,2
22065,0,1
22067,1,1
22069,0,1
22071,0,2
22073,0,1
22075,0,2
22077,0,1
22079,0,1
22081,0,1
22083,1,1
22085,0,1
22087,0,2
22089,0,2
22091,0,2
22093,0,2
22095,0,2
22097,0,1
22099,0,2
22101,0,2
22103,0,2
22105,0,2
22107,0,1
22109,0,2
22111,0,1
22113,0,1
22115,0,1
22117,0,2
22119,0,1
22121,0,1
22123,1,1
22125,1,2
22127,0,1
23001,0,1
23003,0,0
23005,0,2
23007,0,1
23009,0,2
23011,0,1
23013,0,1
23015,1,1
23017,0,1
23019,0,1
23021,0,1
23023,0,1
23025,0,1
23027,0,2
23029,0,2
23031,0,2
24001,0,0
24003,0,0
24005,1,0
24009,0,0
24011,0,0
24013,0,0
24015,0,0
24017,0,0
24019,0,0
24021,1,0
24023,0,0
24025,0,0
24027,0,0
24029,0,0
24031,1,0
24033,1,0
24035,0,0
24037,0,0
24039,0,0
24041,0,0
24043,0,0
24045,0,0
24047,0,0
24510,1,0
25001,0,0
25003,0,0
25005,0,1
25007,0,0
25009,0,0
25011,0,0
25013,0,0
25015,0,0
25017,1,0
25019,0,0
25021,0,0
25023,0,0
25025,0,0
25027,0,1
26001,0,0
26003,0,0
26005,1,0
26007,0,0
26009,0,0
26011,0,0
26013,0,0
26015,1,0
26017,0,0
26019,0,0
26021,0,0
26023,0,0
26025,0,0
26027,0,0
26029,0,0
26031,0,0
26033,0,0
26035,0,0
26037,0,0
26039,0,0
26041,0,0
26043,0,0
26045,0,1
26047,0,0
26049,0,0
26051,0,0
26053,0,0
26055,0,0
26057,0,0
26059,0,0
26061,0,0
26063,0,0
26065,1,1
26067,1,1
26069,0,0
26071,0,0
26073,0,0
26075,0,0
26077,1,0
26079,1,0
26081,1,1
26083,0,0
26085,0,0
26087,0,0
26089,0,0
26091,1,0
26093,1,1
26095,0,0
26097,0,0
26099,0,1
26101,0,0
26103,0,0
26105,0,0
26107,0,0
26109,0,0
26111,0,0
26113,0,0
26115,1,1
26117,0,0
26119,0,0
26121,0,0
26123,0,0
26125,1,1
26127,0,0
26129,0,0
26131,0,0
26133,0,0
26135,0,0
26137,0,0
26139,0,0
26141,0,0
26143,0,0
26145,0,0
26147,0,0
26149,0,0
26151,0,0
26153,0,0
26155,1,0
26157,0,0
26159,0,0
26161,1,0
26163,1,1
26165,0,0
27001,0,0
27003,0,0
27005,0,0
27007,0,0
27009,0,0
27011,0,0
27013,0,1
27015,0,1
27017,1,0
27019,0,1
27021,0,1
27023,0,0
27025,1,0
27027,0,0
27029,0,0
27031,0,1
27033,0,1
27035,0,0
27037,1,0
27039,1,0
27041,0,0
27043,0,1
27045,0,1
27047,0,1
27049,1,1
27051,0,0
27053,1,0
27055,0,1
27057,0,0
27059,0,0
27061,0,1
27063,0,1
27065,0,0
27067,0,0
27069,0,0
27071,0,0
27073,0,0
27075,0,1
27077,0,0
27079,0,1
27081,0,0
27083,0,0
27085,0,1
27087,0,0
27089,0,0
27091,0,1
27093,0,0
27095,0,0
27097,0,0
27099,0,1
27101,0,1
27103,0,1
27105,0,1
27107,0,0
27109,1,0
27111,0,0
27113,0,0
27115,0,0
27117,0,1
27119,0,0
27121,0,0
27123,0,0
27125,0,0
27127,0,1
27129,0,1
27131,0,1
27133,0,1
27135,0,0
27137,1,1
27139,0,0
27141,1,0
27143,0,1
27145,0,0
27147,0,1
27149,0,0
27151,0,0
27153,0,0
27155,0,0
27157,0,1
27159,0,0
27161,0,1
27163,1,0
27165,0,1
27167,0,0
27169,0,0
27171,0,0
27173,0,0
28001,0,0
28003,0,0
28005,0,0
28007,0,0
28009,0,0
28011,0,0
28013,0,0
28015,0,0
28017,0,0
28019,0,0
28021,0,0
28023,0,0
28025,0,0
28027,0,0
28029,0,0
28031,0,0
28033,0,0
28035,0,0
28037,0,0
28039,0,0
28041,0,0
28043,0,0
28045,0,1
28047,0,0
28049,0,1
28051,0,0
28053,0,1
28055,0,0
28057,0,0
28059,0,0
28061,0,0
28063,0,0
28065,0,0
28067,0,0
28069,0,0
28071,0,0
28073,0,0
28075,0,0
28077,0,0
28079,0,0
28081,0,0
28083,0,0
28085,0,0
28087,0,0
28089,1,1
28091,0,0
28093,0,0
28095,0,0
28097,0,0
28099,0,1
28101,0,0
28103,0,0
28105,0,0
28107,0,0
28109,0,0
28111,0,0
28113,0,0
28115,0,0
28117,0,0
28119,0,0
28121,1,0
28123,0,1
28125,0,0
28127,0,0
28129,1,0
28131,0,0
28133,0,0
28135,0,0
28137,0,0
28139,0,0
28141,0,0
28143,0,0
28145,0,0
28147,0,0
28149,0,0
28151,0,0
28153,0,0
28155,0,0
28157,0,0
28159,0,0
28161,0,0
28163,0,0
29001,0,0
29003,0,0
29005,0,0
29007,0,0
29009,0,1
29011,0,0
29013,0,0
29015,0,0
29017,0,1
29019,1,0
29021,0,0
29023,0,1
29025,0,0
29027,1,0
29029,0,0
29031,0,0
29033,0,0
29035,0,1
29037,1,0
29039,0,0
29041,0,0
29043,0,0
29045,0,0
29047,1,0
29049,0,0
29051,0,0
29053,0,0
29055,0,0
29057,0,0
29059,0,0
29061,0,0
29063,0,0
29065,0,0
29067,0,0
29069,0,0
29071,0,0
29073,0,0
29075,0,0
29077,0,0
29079,0,0
29081,0,0
29083,0,0
29085,0,0
29087,0,0
29089,0,0
29091,0,1
29093,0,0
29095,0,0
29097,0,0
29099,0,0
29101,0,0
29103,0,0
29105,0,0
29107,0,0
29109,0,0
29111,0,0
29113,0,0
29115,0,0
29117,0,0
29119,0,1
29121,0,0
29123,0,1
29125,0,0
29127,0,0
29129,0,0
29131,0,0
29133,0,0
29135,0,0
29137,0,0
29139,1,0
29141,0,0
29143,0,1
29145,0,0
29147,0,0
29149,0,1
29151,0,0
29153,0,0
29155,0,0
29157,0,0
29159,0,0
29161,0,0
29163,0,0
29165,1,0
29167,0,0
29169,0,0
29171,0,0
29173,0,0
29175,0,0
29177,0,0
29179,0,1
29181,0,1
29183,1,0
29185,0,0
29186,0,0
29187,0,0
29189,0,0
29195,0,0
29197,0,0
29199,0,0
29201,0,1
29203,0,1
29205,0,0
29207,0,1
29209,0,0
29211,0,0
29213,0,0
29215,0,1
29217,0,0
29219,1,0
29221,0,0
29223,0,0
29225,0,0
29227,0,0
29229,0,0
29510,1,0
30001,0,0
30003,0,0
30005,0,1
30007,0,1
30009,0,0
30011,0,0
30013,1,0
30015,0,1
30017,0,0
30019,0,0
30021,0,0
30023,1,0
30025,0,0
30027,0,1
30029,0,0
30031,0,0
30033,0,0
30035,0,0
30037,0,0
30039,0,0
30041,0,1
30043,1,0
30045,0,1
30047,0,0
30049,0,1
30051,0,0
30053,0,0
30055,0,0
30057,0,0
30059,0,0
30061,0,0
30063,0,0
30065,0,0
30067,0,0
30069,0,1
30071,0,0
30073,0,1
30075,0,0
30077,0,0
30079,0,0
30081,0,0
30083,0,0
30085,0,0
30087,0,0
30089,0,0
30091,0,0
30093,1,0
30095,0,0
30097,0,0
30099,0,1
30101,0,1
30103,0,0
30105,0,0
30107,0,1
30109,0,0
30111,0,0
31001,0,0
31003,0,0
31005,0,0
31007,0,1
31009,0,0
31011,0,1
31013,0,0
31015,0,1
31017,0,0
31019,0,0
31021,0,1
31023,0,1
31025,0,1
31027,0,0
31029,0,0
31031,0,0
31033,0,1
31035,0,1
31037,0,1
31039,0,0
31041,0,0
31043,0,1
31045,0,1
31047,0,1
31049,0,0
31051,0,0
31053,0,1
31055,1,4
31057,0,1
31059,0,2
31061,0,0
31063,0,0
31065,0,0
31067,0,0
31069,0,1
31071,0,0
31073,0,0
31075,0,0
31077,0,1
31079,0,0
31081,0,1
31083,0,0
31085,0,1
31087,0,1
31089,0,1
31091,0,0
31093,0,3
31095,0,0
31097,0,0
31099,0,0
31101,0,1
31103,0,0
31105,0,1
31107,0,0
31109,1,1
31111,0,2
31113,0,0
31115,0,0
31117,0,1
31119,0,0
31121,0,0
31123,0,1
31125,0,1
31127,0,1
31129,0,0
31131,0,0
31133,0,0
31135,0,0
31137,0,0
31139,0,0
31141,0,1
31143,0,1
31145,0,1
31147,0,1
31149,0,0
31151,0,0
31153,1,2
31155,0,3
31157,0,2
31159,1,0
31161,0,0
31163,0,1
31165,0,1
31167,0,0
31169,0,0
31171,0,1
31173,0,0
31175,0,0
31177,0,3
31179,0,0
31181,0,0
31183,0,0
31185,0,0
32001,0,0
32003,1,0
32005,0,1
32007,0,0
32009,0,0
32011,0,0
32013,0,0
32015,0,0
32017,0,0
32019,1,0
32021,0,0
32023,0,0
32027,0,0
32029,1,0
32031,1,5
32033,0,0
32510,0,0
33001,0,1
33003,0,2
33005,0,0
33007,0,2
33009,0,4
33011,0,0
33013,0,0
33015,0,2
33017,0,0
33019,0,1
34001,1,0
34003,0,0
34005,1,0
34007,0,0
34009,0,0
34011,1,0
34013,1,0
34015,0,0
34017,1,0
34019,1,0
34021,0,0
34023,0,0
34025,1,0
34027,0,0
34029,0,0
34031,1,0
34033,0,0
34035,0,0
34037,0,0
34039,0,0
34041,0,0
35001,1,0
35003,0,0
35005,0,1
35006,0,0
35007,0,0
35009,0,0
35011,0,0
35013,1,0
35015,0,0
35017,0,0
35019,0,0
35021,0,0
35023,0,0
35025,1,0
35027,0,4
35028,0,0
35029,0,0
35031,0,0
35033,0,0
35035,0,3
35037,0,0
35039,0,1
35041,0,0
35043,0,0
35045,0,1
35047,0,0
35049,0,0
35051,0,0
35053,0,0
35055,0,0
35057,0,0
35059,0,0
35061,0,0
36001,0,0
36003,0,1
36005,0,0
36007,0,1
36009,0,0
36011,1,0
36013,0,0
36015,0,0
36017,0,1
36019,0,0
36021,0,0
36023,0,1
36025,1,1
36027,0,0
36029,1,0
36031,0,2
36033,0,1
36035,0,0
36037,1,0
36039,0,0
36041,0,1
36043,0,0
36045,0,1
36047,1,1
36049,0,2
36051,0,0
36053,0,0
36055,0,0
36057,0,0
36059,0,1
36061,1,0
36063,1,0
36065,0,0
36067,1,0
36069,0,1
36071,0,1
36073,1,0
36075,0,1
36077,1,0
36079,0,0
36081,0,0
36083,0,0
36085,1,0
36087,1,0
36089,1,2
36091,0,0
36093,0,0
36095,0,0
36097,0,0
36099,0,0
36101,0,1
36103,1,2
36105,0,0
36107,0,0
36109,1,0
36111,0,0
36113,0,0
36115,0,0
36117,0,0
36119,1,1
36121,0,0
36123,1,1
37001,0,2
37003,0,2
37005,0,3
37007,0,2
37009,0,2
37011,0,2
37013,0,2
37015,0,2
37017,0,2
37019,0,3
37021,1,2
37023,1,2
37025,0,3
37027,1,2
37029,0,2
37031,0,3
37033,0,2
37035,1,2
37037,1,2
37039,0,2
37041,0,2
37043,0,2
37045,1,2
37047,0,2
37049,0,2
37051,0,2
37053,0,2
37055,0,3
37057,0,2
37059,0,2
37061,0,2
37063,0,2
37065,0,2
37067,0,3
37069,0,2
37071,1,2
37073,0,2
37075,0,2
37077,0,2
37079,0,2
37081,1,2
37083,0,2
37085,0,2
37087,0,2
37089,0,2
37091,0,2
37093,0,2
37095,0,2
37097,1,3
37099,0,2
37101,0,2
37103,0,2
37105,0,3
37107,0,2
37109,1,2
37111,0,2
37113,0,2
37115,0,2
37117,0,2
37119,1,3
37121,0,2
37123,0,2
37125,0,2
37127,0,3
37129,0,3
37131,0,2
37133,0,3
37135,0,2
37137,0,2
37139,0,2
37141,0,2
37143,0,2
37145,0,2
37147,0,2
37149,0,2
37151,0,2
37153,0,2
37155,0,2
37157,1,2
37159,1,3
37161,1,2
37163,0,2
37165,0,2
37167,0,3
37169,1,3
37171,0,3
37173,0,2
37175,0,2
37177,0,2
37179,1,3
37181,0,2
37183,1,2
37185,0,2
37187,0,2
37189,1,2
37191,0,2
37193,1,3
37195,0,2
37197,0,3
37199,0,2
38001,0,0
38003,0,1
38005,0,0
38007,0,0
38009,0,0
38011,0,0
38013,0,0
38015,1,0
38017,1,1
38019,0,0
38021,1,1
38023,0,0
38025,0,0
38027,0,0
38029,0,0
38031,0,0
38033,0,0
38035,0,0
38037,0,1
38039,0,0
38041,0,0
38043,0,0
38045,0,1
38047,0,1
38049,0,0
38051,0,1
38053,0,3
38055,0,0
38057,0,0
38059,0,0
38061,0,0
38063,0,0
38065,0,0
38067,0,0
38069,0,0
38071,0,0
38073,0,1
38075,0,0
38077,0,1
38079,0,0
38081,0,1
38083,0,0
38085,0,0
38087,0,0
38089,0,0
38091,0,1
38093,1,1
38095,0,0
38097,0,1
38099,0,0
38101,0,0
38103,0,0
38105,0,1
39001,0,0
39003,1,0
39005,0,0
39007,0,0
39009,0,0
39011,1,1
39013,0,0
39015,0,0
39017,1,0
39019,0,0
39021,1,0
39023,0,0
39025,0,0
39027,1,0
39029,0,0
39031,1,0
39033,0,1
39035,1,0
39037,0,1
39039,0,0
39041,1,1
39043,1,0
39045,1,0
39047,1,0
39049,1,0
39051,0,0
39053,0,0
39055,0,0
39057,1,0
39059,0,0
39061,1,0
39063,0,1
39065,0,0
39067,0,0
39069,0,0
39071,0,0
39073,1,0
39075,0,0
39077,0,0
39079,0,0
39081,0,0
39083,0,0
39085,0,0
39087,0,0
39089,1,1
39091,0,1
39093,0,0
39095,1,0
39097,1,0
39099,1,0
39101,0,0
39103,1,0
39105,0,0
39107,0,1
39109,1,1
39111,0,0
39113,0,0
39115,0,0
39117,0,0
39119,1,0
39121,0,0
39123,0,0
39125,0,0
39127,0,0
39129,0,0
39131,0,0
39133,0,0
39135,1,0
39137,0,0
39139,0,1
39141,0,0
39143,0,0
39145,0,0
39147,0,0
39149,1,0
39151,0,0
39153,1,0
39155,1,0
39157,0,0
39159,1,1
39161,0,0
39163,0,0
39165,0,0
39167,0,0
39169,1,0
39171,0,0
39173,1,0
39175,0,0
40001,0,0
40003,0,0
40005,0,0
40007,0,0
40009,0,0
40011,0,1
40013,0,0
40015,0,1
40017,0,0
40019,0,1
40021,0,0
40023,0,0
40025,0,0
40027,0,0
40029,0,1
40031,0,0
40033,0,1
40035,0,1
40037,1,1
40039,0,1
40041,0,1
40043,0,0
40045,0,1
40047,0,0
40049,0,0
40051,0,0
40053,0,0
40055,0,0
40057,0,0
40059,0,0
40061,0,1
40063,0,1
40065,0,1
40067,0,0
40069,0,1
40071,0,1
40073,0,0
40075,0,0
40077,0,0
40079,0,0
40081,0,1
40083,0,0
40085,0,1
40087,0,1
40089,0,0
40091,0,0
40093,0,0
40095,0,0
40097,0,1
40099,0,1
40101,0,1
40103,0,0
40105,0,1
40107,0,1
40109,1,0
40111,0,1
40113,1,2
40115,0,1
40117,0,0
40119,0,1
40121,0,1
40123,0,1
40125,0,1
40127,0,0
40129,0,1
40131,1,1
40133,0,1
40135,0,0
40137,0,0
40139,0,0
40141,0,1
40143,1,0
40145,1,1
40147,0,1
40149,0,1
40151,0,1
40153,0,1
41001,0,1
41003,0,1
41005,0,1
41007,0,0
41009,0,0
41011,0,1
41013,0,1
41015,0,0
41017,0,2
41019,0,0
41021,0,1
41023,0,4
41025,0,1
41027,1,1
41029,0,0
41031,0,1
41033,0,0
41035,0,1
41037,0,0
41039,0,1
41041,0,1
41043,0,1
41045,0,1
41047,0,0
41049,0,2
41051,1,1
41053,0,0
41055,0,1
41057,0,1
41059,0,1
41061,0,0
41063,0,0
41065,1,2
41067,1,1
41069,0,2
41071,0,1
42001,0,0
42003,1,0
42005,1,0
42007,1,0
42009,0,0
42011,1,0
42013,0,0
42015,1,0
42017,1,0
42019,1,0
42021,1,1
42023,0,1
42025,1,0
42027,1,0
42029,1,0
42031,0,0
42033,0,1
42035,0,0
42037,1,0
42039,0,0
42041,1,0
42043,1,0
42045,0,0
42047,0,1
42049,0,0
42051,1,0
42053,0,0
42055,1,0
42057,0,0
42059,1,0
42061,0,0
42063,1,1
42065,0,0
42067,0,0
42069,1,0
42071,1,0
42073,1,0
42075,1,0
42077,1,0
42079,1,0
42081,1,1
42083,0,0
42085,1,0
42087,0,0
42089,1,0
42091,1,0
42093,0,0
42095,1,0
42097,0,0
42099,0,0
42101,1,0
42103,1,0
42105,0,1
42107,1,0
42109,0,0
42111,0,0
42113,0,1
42115,0,1
42117,0,1
42119,1,1
42121,1,0
42123,0,0
42125,1,0
42127,1,1
42129,1,0
42131,0,1
42133,1,0
44001,0,0
44003,0,2
44005,0,1
44007,0,3
44009,0,2
45001,0,3
45003,1,3
45005,0,3
45007,0,3
45009,0,4
45011,0,4
45013,0,4
45015,1,4
45017,0,3
45019,0,2
45021,1,3
45023,0,3
45025,0,2
45027,0,2
45029,1,4
45031,0,2
45033,0,3
45035,1,3
45037,1,3
45039,0,3
45041,0,3
45043,0,3
45045,1,3
45047,0,3
45049,0,4
45051,0,3
45053,0,4
45055,1,3
45057,0,3
45059,0,3
45061,1,2
45063,0,3
45065,0,3
45067,0,2
45069,0,2
45071,0,3
45073,0,3
45075,0,4
45077,0,3
45079,0,3
45081,0,3
45083,0,3
45085,0,2
45087,0,4
45089,0,3
45091,1,3
46003,0,1
46005,0,0
46007,0,1
46009,0,1
46011,1,0
46013,0,0
46015,0,1
46017,0,1
46019,0,0
46021,0,0
46023,0,1
46025,0,0
46027,0,1
46029,0,0
46031,0,0
46033,0,0
46035,0,1
46037,0,0
46039,1,0
46041,0,0
46043,0,1
46045,0,0
46047,0,0
46049,0,0
46051,0,0
46053,0,1
46055,0,0
46057,0,0
46059,0,1
46061,0,1
46063,0,0
46065,0,0
46067,0,1
46069,0,0
46071,0,1
46073,0,0
46075,0,0
46077,0,0
46079,0,1
46081,0,0
46083,0,1
46085,0,0
46087,0,1
46089,0,0
46091,0,0
46093,0,0
46095,0,0
46097,0,1
46099,1,1
46101,0,1
46103,0,0
46105,0,0
46107,0,0
46109,0,0
46111,0,1
46113,0,0
46115,0,0
46117,0,0
46119,0,0
46121,0,0
46123,0,1
46125,0,1
46127,0,1
46129,0,0
46135,0,1
46137,0,0
47001,0,0
47003,0,0
47005,0,0
47007,0,0
47009,0,0
47011,0,0
47013,0,0
47015,0,1
47017,0,0
47019,0,2
47021,0,1
47023,0,0
47025,0,1
47027,0,0
47029,0,2
47031,1,0
47033,0,0
47035,0,0
47037,0,0
47039,0,0
47041,0,0
47043,0,0
47045,0,0
47047,0,0
47049,0,0
47051,0,0
47053,0,0
47055,0,1
47057,0,1
47059,0,2
47061,0,0
47063,0,2
47065,1,1
47067,0,1
47069,0,0
47071,0,0
47073,0,2
47075,0,0
47077,0,0
47079,0,0
47081,0,0
47083,0,0
47085,0,0
47087,0,1
47089,0,1
47091,0,2
47093,0,0
47095,0,0
47097,0,0
47099,0,0
47101,0,0
47103,0,0
47105,0,0
47107,0,0
47109,0,0
47111,0,1
47113,0,0
47115,0,0
47117,0,0
47119,0,1
47121,0,0
47123,0,0
47125,1,1
47127,0,0
47129,0,0
47131,0,0
47133,0,0
47135,0,0
47137,0,0
47139,0,1
47141,0,0
47143,0,0
47145,0,0
47147,0,0
47149,0,0
47151,0,0
47153,0,0
47155,0,1
47157,1,0
47159,0,1
47161,0,0
47163,0,1
47165,1,1
47167,0,0
47169,0,0
47171,0,2
47173,0,0
47175,0,0
47177,0,1
47179,0,2
47181,0,0
47183,0,0
47185,0,0
47187,0,0
47189,0,0
48001,0,2
48003,0,0
48005,0,1
48007,0,1
48009,0,0
48011,1,0
48013,0,0
48015,0,2
48017,0,1
48019,0,0
48021,1,0
48023,0,1
48025,0,0
48027,1,1
48029,1,0
48031,0,1
48033,0,0
48035,0,1
48037,1,2
48039,0,1
48041,0,1
48043,0,0
48045,1,0
48047,0,0
48049,0,1
48051,0,1
48053,0,0
48055,1,1
48057,0,2
48059,1,0
48061,1,1
48063,0,1
48065,1,0
48067,1,2
48069,0,0
48071,0,1
48073,0,2
48075,1,0
48077,0,1
48079,0,1
48081,0,1
48083,0,1
48085,1,1
48087,0,0
48089,0,1
48091,1,0
48093,0,0
48095,0,1
48097,0,1
48099,0,1
48101,1,0
48103,0,0
48105,0,0
48107,0,0
48109,0,0
48111,0,0
48113,1,1
48115,0,0
48117,0,0
48119,0,1
48121,1,1
48123,0,1
48125,1,0
48127,0,0
48129,1,0
48131,0,0
48133,0,1
48135,0,0
48137,0,0
48139,1,1
48141,1,0
48143,0,0
48145,1,1
48147,0,1
48149,0,1
48151,0,0
48153,0,0
48155,1,0
48157,1,1
48159,0,0
48161,0,2
48163,0,0
48165,0,0
48167,0,1
48169,0,0
48171,0,0
48173,0,0
48175,1,1
48177,0,1
48179,1,0
48181,1,0
48183,0,1
48185,0,2
48187,1,1
48189,0,0
48191,1,0
48193,0,1
48195,0,0
48197,0,0
48199,0,2
48201,1,2
48203,0,1
48205,0,0
48207,1,0
48209,1,1
48211,0,1
48213,0,1
48215,1,1
48217,1,1
48219,0,1
48221,0,0
48223,1,1
48225,0,2
48227,0,0
48229,0,0
48231,0,0
48233,0,1
48235,0,0
48237,0,0
48239,0,1
48241,0,2
48243,0,0
48245,0,1
48247,0,0
48249,0,0
48251,1,0
48253,1,1
48255,0,0
48257,0,1
48259,0,0
48261,0,1
48263,0,0
48265,0,0
48267,0,0
48269,0,0
48271,0,0
48273,0,1
48275,0,0
48277,1,1
48279,0,0
48281,0,1
48283,0,0
48285,0,1
48287,0,2
48289,0,2
48291,0,2
48293,1,1
48295,0,0
48297,0,0
48299,0,0
48301,0,0
48303,0,0
48305,0,1
48307,0,1
48309,1,0
48311,0,0
48313,0,2
48315,0,1
48317,0,0
48319,0,0
48321,0,1
48323,0,0
48325,1,0
48327,0,0
48329,0,0
48331,1,2
48333,0,1
48335,1,0
48337,0,1
48339,1,2
48341,0,1
48343,0,2
48345,1,0
48347,0,2
48349,1,1
48351,0,2
48353,0,0
48355,0,1
48357,0,0
48359,0,0
48361,0,1
48363,0,0
48365,0,2
48367,0,0
48369,0,0
48371,1,0
48373,0,2
48375,1,0
48377,0,0
48379,0,1
48381,1,0
48383,0,0
48385,0,0
48387,0,1
48389,0,0
48391,0,1
48393,1,1
48395,0,2
48397,0,1
48399,0,0
48401,0,2
48403,0,2
48405,0,2
48407,1,2
48409,0,1
48411,0,1
48413,0,0
48415,1,0
48417,1,0
48419,0,2
48421,0,0
48423,0,1
48425,0,0
48427,0,0
48429,0,0
48431,0,1
48433,0,0
48435,0,0
48437,0,0
48439,1,0
48441,1,0
48443,1,1
48445,0,0
48447,0,0
48449,0,1
48451,0,0
48453,1,0
48455,0,2
48457,0,2
48459,0,1
48461,0,0
48463,0,0
48465,0,0
48467,0,1
48469,1,1
48471,1,2
48473,0,2
48475,1,0
48477,0,2
48479,0,1
48481,0,1
48483,0,0
48485,0,0
48487,1,0
48489,0,1
48491,1,0
48493,1,0
48495,0,0
48497,0,0
48499,0,0
48501,0,0
48503,0,0
48505,0,0
48507,0,0
49001,0,0
49003,0,0
49005,0,0
49007,0,0
49009,0,0
49011,0,0
49013,0,0
49015,0,0
49017,0,0
49019,0,0
49021,0,0
49023,0,0
49025,0,0
49027,1,0
49029,0,0
49031,0,1
49033,0,0
49035,1,0
49037,0,0
49039,0,0
49041,0,0
49043,0,0
49045,0,0
49047,0,0
49049,0,0
49051,0,0
49053,0,0
49055,0,0
49057,0,0
50001,0,2
50003,0,1
50005,0,3
50007,0,3
50009,0,5
50011,0,2
50013,0,1
50015,0,5
50017,0,3
50019,0,5
50021,0,2
50023,0,2
50025,0,2
50027,0,2
51001,0,0
51003,0,1
51005,0,0
51007,0,0
51009,0,0
51011,1,1
51013,0,0
51015,0,0
51017,0,0
51019,0,2
51021,0,2
51023,1,1
51025,1,0
51027,0,2
51029,1,1
51031,1,0
51033,1,0
51035,0,2
51036,1,0
51037,1,1
51041,1,0
51043,0,0
51045,0,2
51047,1,0
51049,0,0
51051,0,2
51053,0,0
51057,0,0
51059,1,0
51061,1,0
51063,0,1
51065,1,0
51067,1,0
51069,0,0
51071,0,2
51073,0,0
51075,1,0
51077,0,2
51079,0,1
51081,1,0
51083,1,0
51085,1,0
51087,1,0
51089,0,0
51091,0,0
51093,0,0
51095,0,0
51097,0,0
51099,1,0
51101,0,0
51103,0,0
51105,1,1
51107,1,0
51109,1,0
51111,1,0
51113,1,1
51115,0,0
51117,1,0
51119,0,0
51121,1,2
51125,0,1
51127,0,0
51131,0,0
51133,0,0
51135,0,0
51137,1,0
51139,0,0
51141,0,1
51143,1,2
51145,1,0
51147,0,0
51149,0,0
51153,1,0
51155,0,2
51157,0,0
51159,0,0
51161,1,1
51163,0,0
51165,0,0
51167,0,2
51169,1,2
51171,0,0
51173,0,2
51175,1,0
51177,1,0
51179,1,0
51181,0,0
51183,1,0
51185,0,2
51187,0,0
51191,0,2
51193,1,0
51195,0,2
51197,0,2
51199,0,0
51510,1,0
51515,0,0
51520,0,2
51530,0,0
51540,0,0
51550,0,0
51570,0,0
51580,0,2
51590,0,2
51595,1,0
51600,0,0
51610,1,0
51620,0,0
51630,1,0
51640,0,2
51650,0,0
51660,0,0
51670,0,0
51678,0,0
51680,1,0
51683,1,0
51685,1,0
51690,0,0
51700,0,0
51710,1,0
51720,0,2
51730,0,0
51735,0,0
51740,0,0
51750,0,2
51760,1,0
51770,1,1
51775,1,0
51790,0,0
51800,0,0
51810,1,0
51820,0,0
51830,0,0
51840,0,0
53001,0,0
53003,0,0
53005,1,0
53007,1,0
53009,0,1
53011,0,1
53013,0,0
53015,0,1
53017,1,0
53019,0,2
53021,0,0
53023,0,0
53025,1,0
53027,0,1
53029,0,1
53031,1,1
53033,1,1
53035,0,0
53037,1,0
53039,0,1
53041,0,1
53043,0,0
53045,0,1
53047,0,2
53049,0,1
53051,0,0
53053,0,0
53055,0,0
53057,0,1
53059,0,1
53061,1,0
53063,1,1
53065,0,0
53067,0,0
53069,0,1
53071,0,0
53073,0,0
53075,0,1
53077,0,3
54001,0,0
54003,0,0
54005,0,3
54007,0,0
54009,0,2
54011,1,1
54013,0,1
54015,0,1
54017,0,1
54019,0,1
54021,0,1
54023,0,0
54025,0,0
54027,0,0
54029,0,2
54031,0,0
54033,0,1
54035,0,0
54037,1,0
54039,0,3
54041,0,0
54043,0,2
54045,1,0
54047,0,0
54049,0,0
54051,0,2
54053,1,0
54055,0,1
54057,0,0
54059,1,0
54061,1,0
54063,0,0
54065,0,0
54067,0,1
54069,0,2
54071,0,0
54073,0,0
54075,0,0
54077,0,1
54079,0,1
54081,0,0
54083,0,0
54085,0,0
54087,0,2
54089,0,0
54091,0,0
54093,1,0
54095,0,2
54097,0,0
54099,1,1
54101,0,0
54103,0,2
54105,0,0
54107,0,1
54109,0,0
55001,0,0
55003,0,0
55005,0,0
55007,0,0
55009,0,0
55011,0,0
55013,0,0
55015,0,0
55017,0,0
55019,0,0
55021,1,0
55023,0,0
55025,1,0
55027,1,0
55029,0,0
55031,0,0
55033,1,0
55035,0,0
55037,0,0
55039,0,0
55041,0,0
55043,0,0
55045,0,0
55047,0,0
55049,0,0
55051,0,0
55053,0,0
55055,1,0
55057,0,0
55059,1,0
55061,0,0
55063,0,0
55065,0,0
55067,0,0
55069,0,0
55071,0,0
55073,0,0
55075,0,0
55077,0,0
55078,0,0
55079,1,0
55081,0,0
55083,0,0
55085,0,0
55087,0,0
55089,1,0
55091,0,0
55093,0,0
55095,0,0
55097,0,0
55099,0,0
55101,1,0
55103,0,0
55105,1,0
55107,0,0
55109,1,0
55111,0,0
55113,0,0
55115,0,0
55117,0,0
55119,0,0
55121,0,0
55123,0,0
55125,0,0
55127,0,0
55129,0,0
55131,0,0
55133,1,0
55135,0,0
55137,0,0
55139,0,0
55141,0,0
56001,0,0
56003,0,0
56005,0,1
56007,0,0
56009,0,0
56011,0,0
56013,0,0
56015,0,0
56017,0,0
56019,0,2
56021,1,1
56023,0,0
56025,0,0
56027,0,0
56029,0,0
56031,0,1
56033,0,1
56035,0,0
56037,0,0
56039,0,0
56041,0,0
56043,0,0
56045,0,0
